<?xml version="1.0" encoding="UTF-8" standalone="yes"?>
<text>
    <sentence>
        <word>any</word>
        <word>Is</word>
        <word>know</word>
        <word>let</word>
        <word>me</word>
        <word>please</word>
        <word>Problem</word>
        <word>there</word>
    </sentence>
    <sentence>
        <word>but</word>
        <word>have</word>
        <word>I</word>
        <word>i.e.</word>
        <word>is</word>
        <word>my</word>
        <word>not</word>
        <word>problem</word>
        <word>that</word>
        <word>Yes</word>
        <word>your</word>
    </sentence>
    <sentence>
        <word>got</word>
        <word>I</word>
        <word>Ok</word>
        <word>point</word>
        <word>your</word>
    </sentence>
    <sentence>
        <word>No</word>
        <word>Problem</word>
    </sentence>
</text>
