<?xml version="1.0" encoding="UTF-8" standalone="yes"?>
<text>
    <sentence>
        <word>father</word>
        <word>Hey</word>
        <word>is</word>
        <word>name</word>
        <word>pavan</word>
        <word>what</word>
        <word>your</word>
    </sentence>
    <sentence>
        <word>chnd</word>
        <word>father</word>
        <word>is</word>
        <word>Late</word>
        <word>mittal</word>
        <word>My</word>
        <word>name</word>
        <word>Sh.</word>
        <word>Suresh</word>
    </sentence>
    <sentence>
        <word>And</word>
        <word>is</word>
        <word>name</word>
        <word>what</word>
        <word>your</word>
    </sentence>
</text>
