<?xml version="1.0" encoding="UTF-8" standalone="yes"?>
<text>
    <sentence>
        <word>come</word>
        <word>day</word>
        <word>He</word>
        <word>he</word>
        <word>one</word>
        <word>said</word>
        <word>will</word>
    </sentence>
    <sentence>
        <word>am</word>
        <word>I</word>
        <word>No</word>
        <word>not</word>
        <word>sure</word>
    </sentence>
    <sentence>
        <word>Are</word>
        <word>Sure</word>
        <word>You</word>
    </sentence>
    <sentence>
        <word>be</word>
        <word>may</word>
        <word>not</word>
        <word>or</word>
        <word>Yes</word>
    </sentence>
</text>
