<?xml version="1.0" encoding="UTF-8" standalone="yes"?>
<text>
    <sentence>
        <word>Do</word>
        <word>Hey</word>
        <word>is</word>
        <word>know</word>
        <word>Mr.</word>
        <word>native</word>
        <word>Pavan</word>
        <word>place</word>
        <word>what</word>
        <word>you</word>
        <word>your</word>
    </sentence>
    <sentence>
        <word>dont</word>
        <word>I</word>
        <word>know</word>
        <word>No</word>
    </sentence>
    <sentence>
        <word>am</word>
        <word>hungry</word>
        <word>I</word>
        <word>i</word>
        <word>later</word>
        <word>so</word>
        <word>talk</word>
        <word>will</word>
        <word>you</word>
    </sentence>
</text>
